﻿<?xml version="1.0" encoding="utf-8" ?>
<Defs>

  <ThingDef Name="LingMoonApparelBase" Abstract="True">
    <thingClass>Apparel</thingClass>
    <category>Item</category>
    <selectable>True</selectable>
    <pathCost>10</pathCost>
    <useHitPoints>True</useHitPoints>
	<techLevel>Spacer</techLevel>
    <graphicData>
      <onGroundRandomRotateAngle>35</onGroundRandomRotateAngle>
    </graphicData>
    <drawGUIOverlay>true</drawGUIOverlay>
	<!-- <generateCommonality>0</generateCommonality> -->
    <statBases>
      <MaxHitPoints>150</MaxHitPoints>
      <Flammability>0</Flammability>
      <DeteriorationRate>2</DeteriorationRate>
	  <Beauty>-3</Beauty>
	</statBases>
    <altitudeLayer>Item</altitudeLayer>
    <alwaysHaulable>True</alwaysHaulable>
    <tickerType>Never</tickerType>
    <thingCategories>
      <li>Apparel</li>
    </thingCategories>
    <apparel>
      <wearPerDay>0</wearPerDay>
      <useDeflectMetalEffect>true</useDeflectMetalEffect>
      <tags Inherit="false">
        <li>LingMoonApparel</li>
      </tags>
    </apparel>
    <comps>
      <li Class="CompProperties_Forbiddable"/>
      <li>
        <compClass>CompQuality</compClass>
      </li>
    </comps>
  </ThingDef>
  <!-- 紧身衣 -->
  <ThingDef ParentName="LingMoonApparelBase">
	<thingClass>LingGame.LingMoonLightShirt</thingClass>
    <defName>Apparel_Ling_Moon_LightShirt</defName>
    <label>残月内衬</label>
    <description>一件轻薄的,透气的紧身衣,在提供了不俗的防御的情况下,完全不会限制穿戴者的任何活动,不仅如此,还为装备者提供了一定的战斗方面的加成.要说唯一的缺点是什么的话,大概就是没有考虑穿戴者的排泄问题吧.</description>
    <graphicData>
	  <texPath>Things/Pawn/Humanlike/Apparel/Apparel_Ling_Moon_LightShirt/Apparel_Ling_Moon_LightShirt</texPath>
      <graphicClass>Graphic_Single</graphicClass>
    </graphicData>
    <statBases>
      <MaxHitPoints>350</MaxHitPoints>
      <Mass>0.8</Mass>
      <MarketValue>2000</MarketValue>
      <ArmorRating_Sharp>0.55</ArmorRating_Sharp>
      <ArmorRating_Blunt>0.55</ArmorRating_Blunt>
      <ArmorRating_Heat>0.25</ArmorRating_Heat>
      <Insulation_Cold>20</Insulation_Cold>
      <Insulation_Heat>20</Insulation_Heat>
      <EquipDelay>3</EquipDelay>
    </statBases>
    <equippedStatOffsets>
      <MoveSpeed>1.5</MoveSpeed>
      <AimingDelayFactor>-0.2</AimingDelayFactor>
      <ShootingAccuracyPawn>3</ShootingAccuracyPawn>
    </equippedStatOffsets>
    <costList>
      <ComponentSpacer>4</ComponentSpacer>
      <Plasteel>100</Plasteel>
      <Uranium>20</Uranium>
    </costList>
	<apparel>
	  <bodyPartGroups>
		<li>Torso</li>
        <li>Neck</li>
		<li>Shoulders</li>
		<li>Arms</li>
		<li>Legs</li>
	  </bodyPartGroups>
	  <wornGraphicPath>Things/Pawn/Humanlike/Apparel/Apparel_Ling_Moon_LightShirt/Apparel_Ling_Moon_LightShirt</wornGraphicPath>
	  <layers>
		<li>OnSkin</li>
	  </layers>
    </apparel>
  </ThingDef>
  <!-- 大衣 -->
  <ThingDef ParentName="LingMoonApparelBase">
	<thingClass>LingGame.LingMoonDuster</thingClass>
    <defName>Apparel_Ling_Moon_Duster</defName>
    <label>流月长衣</label>
    <description>一件束身的长衣,适合用于凸显穿戴者的身材,这只是它表面的用途,它实际上是一件多功能战斗服,能够提供非常之强的防护能力.</description>
    <graphicData>
      <texPath>Things/Pawn/Humanlike/Apparel/Apparel_Ling_Moon_Duster/Apparel_Ling_Moon_Duster</texPath>
      <graphicClass>Graphic_Single</graphicClass>
    </graphicData>
    <statBases>
      <MaxHitPoints>340</MaxHitPoints>
      <Mass>1.2</Mass>
      <MarketValue>3500</MarketValue>
      <ArmorRating_Sharp>0.75</ArmorRating_Sharp>
      <ArmorRating_Blunt>0.45</ArmorRating_Blunt>
      <ArmorRating_Heat>0.55</ArmorRating_Heat>
      <Insulation_Cold>20</Insulation_Cold>
      <Insulation_Heat>20</Insulation_Heat>
      <EquipDelay>8</EquipDelay>
    </statBases>
    <equippedStatOffsets>
      <MoveSpeed>1</MoveSpeed>
    </equippedStatOffsets>
    <costList>
      <ComponentSpacer>4</ComponentSpacer>
      <Plasteel>100</Plasteel>
      <Uranium>20</Uranium>
    </costList>
	<apparel>
	  <bodyPartGroups>
		<li>Torso</li>
        <li>Neck</li>
		<li>Shoulders</li>
		<li>FullHead</li>
		<li>Arms</li>
		<li>Legs</li>
	  </bodyPartGroups>
	  <wornGraphicPath>Things/Pawn/Humanlike/Apparel/Apparel_Ling_Moon_Duster/Apparel_Ling_Moon_Duster</wornGraphicPath>
	  <layers>
		<li>Shell</li>
	  </layers>
    </apparel>
  </ThingDef>
  <!-- 项链 -->
  <ThingDef ParentName="LingMoonApparelBase">
    <defName>Apparel_Ling_Moon_Necklace</defName>
    <label>朔月守护</label>
    <description>表面上是一个带有十字架的项链,实际上是一枚温度反应器,可以使生物能够适应任何常理范围以内的温度,并有一定的提神作用,由于该装备必须从出生时便随身携带,而且不能离开身体片刻,所以能够驾驭者少之又少</description>
    <graphicData>
      <texPath>Things/Pawn/Humanlike/Apparel/LingMoonThing/Apparel_Ling_Moon_Necklace</texPath>
      <graphicClass>Graphic_Single</graphicClass>
    </graphicData>
    <statBases>
      <Mass>0.01</Mass>
      <Flammability>0</Flammability>
      <EquipDelay>0</EquipDelay>
      <MarketValue>5000</MarketValue>
      <Insulation_Cold>300</Insulation_Cold>
      <Insulation_Heat>2000</Insulation_Heat>
    </statBases>
    <equippedStatOffsets>
      <MoveSpeed>1.0</MoveSpeed>
      <ImmunityGainSpeed>1</ImmunityGainSpeed>
      <ToxicSensitivity>-1</ToxicSensitivity>
      <PsychicSensitivity>0.5</PsychicSensitivity>
      <PainShockThreshold>0.5</PainShockThreshold>
      <WorkSpeedGlobal>0.5</WorkSpeedGlobal>
    </equippedStatOffsets>
    <menuHidden>true</menuHidden>
    <destroyOnDrop>true</destroyOnDrop>
    <tradeability>None</tradeability>
    <apparel>
      <careIfWornByCorpse>false</careIfWornByCorpse>
      <bodyPartGroups>
        <li>Neck</li>
      </bodyPartGroups>
      <layers>
        <li>Belt</li>
      </layers>
    </apparel>
  </ThingDef>
  <!-- 手套 -->
  <ThingDef ParentName="LingMoonApparelBase">
	<thingClass>LingGame.LingMoonFangBaoDun</thingClass>
    <defName>Apparel_Ling_Moon_Glove</defName>
    <label>白月护手</label>
    <description>一只毫无瑕疵的丝织手套,象征着爱,守护与和平,每一个戴上这只的人都是和平事业最坚定的拥护者.</description>
    <graphicData>
	  <texPath>Things/Pawn/Humanlike/Apparel/LingMoonThing/Apparel_Ling_Moon_Glove</texPath>
      <graphicClass>Graphic_Single</graphicClass>
    </graphicData>
    <statBases>
      <MaxHitPoints>200</MaxHitPoints>
      <Mass>0.2</Mass>
      <MarketValue>1000</MarketValue>
      <ArmorRating_Sharp>999</ArmorRating_Sharp>
      <ArmorRating_Blunt>999</ArmorRating_Blunt>
      <ArmorRating_Heat>999</ArmorRating_Heat>
      <EquipDelay>3</EquipDelay>
    </statBases>
    <equippedStatOffsets>
      <AimingDelayFactor>-0.2</AimingDelayFactor>
      <ShootingAccuracyPawn>3</ShootingAccuracyPawn>
    </equippedStatOffsets>
    <costList>
      <ComponentSpacer>4</ComponentSpacer>
      <Plasteel>10</Plasteel>
    </costList>
	<apparel>
	  <bodyPartGroups>
		<li>RightHand</li>
	  </bodyPartGroups>
	  <layers>
		<li>OnSkin</li>
	  </layers>
    </apparel>
  </ThingDef>
  <!-- 鞋子 -->
  <ThingDef ParentName="LingMoonApparelBase">
	<thingClass>Apparel</thingClass>
    <defName>Apparel_Ling_Moon_Boots</defName>
    <label>新月长靴</label>
    <description>一双坚固的皮靴,这是月光佣兵团赠予每一个新兵的第一个礼物,希望他们能够步伐坚定的踏上战场,也希望他们可以步伐稳健的踏上归乡之路.</description>
    <graphicData>
	  <texPath>Things/Pawn/Humanlike/Apparel/LingMoonThing/Apparel_Ling_Moon_Boots</texPath>
      <graphicClass>Graphic_Single</graphicClass>
    </graphicData>
    <statBases>
      <MaxHitPoints>200</MaxHitPoints>
      <Mass>0.2</Mass>
      <MarketValue>1000</MarketValue>
      <ArmorRating_Sharp>0.55</ArmorRating_Sharp>
      <ArmorRating_Blunt>0.55</ArmorRating_Blunt>
      <ArmorRating_Heat>0.25</ArmorRating_Heat>
      <EquipDelay>3</EquipDelay>
    </statBases>
    <equippedStatOffsets>
      <MoveSpeed>1</MoveSpeed>
      <MeleeDodgeChance>10</MeleeDodgeChance>
      <MeleeHitChance>3</MeleeHitChance>
    </equippedStatOffsets>
    <costList>
      <ComponentSpacer>4</ComponentSpacer>
      <Plasteel>10</Plasteel>
    </costList>
	<apparel>
	  <bodyPartGroups>
		<li>Feet</li>
	  </bodyPartGroups>
	  <layers>
		<li>OnSkin</li>
	  </layers>
    </apparel>
  </ThingDef>
  <!-- 护盾 -->
  <ThingDef ParentName="LingMoonApparelBase">
    <defName>Apparel_Ling_MoonShield_WaterMoon</defName>
	<label>水月护盾</label>
    <description>零子集团开发的一种特殊护盾,搭载了一款特殊的能量发生装置,并非按照收到的攻击的强度降低能量,而是按次的吸收伤害,对狙击及其克制,为了保证能量发生器不影响到装备者大脑,搭载的能量发生器容量极小,仅能阻挡数次伤害...
	月光庇佑者制作的特殊款式,可以按照装备者的能力增强护盾的能力</description>
	<thingClass>LingGame.LingMoonShield</thingClass>
	<graphicData>
      <texPath>Things/Pawn/Humanlike/Apparel/LingMoonThing/MoonShield</texPath>
      <graphicClass>Graphic_Single</graphicClass>
    </graphicData>
    <tickerType>Normal</tickerType>
    <tradeability>Sellable</tradeability>
    <statBases>
      <Mass>1</Mass>
      <MarketValue>5500</MarketValue>
      <Flammability>0</Flammability>
      <EquipDelay>2</EquipDelay>
      <EnergyShieldRechargeRate>0.3</EnergyShieldRechargeRate>
      <EnergyShieldEnergyMax>1</EnergyShieldEnergyMax>
    </statBases>
    <apparel>
      <careIfWornByCorpse>false</careIfWornByCorpse>
      <bodyPartGroups>
        <li>Waist</li>
      </bodyPartGroups>
      <layers>
        <li>Belt</li>
      </layers>
    </apparel>
  </ThingDef>
  <!-- 身体修正 -->
  <ThingDef ParentName="LingMoonApparelBase">
    <thingClass>LingGame.LingMoonBodyFix</thingClass>
    <defName>Apparel_Ling_Moon_BodyFix</defName>
    <label>BodyFix(debug)</label>
    <description>Fix Body.(debug)</description>
    <graphicData>
      <texPath>Things/Pawn/Humanlike/Apparel/SmokepopBelt/SmokepopBelt</texPath>
      <graphicClass>Graphic_Single</graphicClass>
    </graphicData>
    <tickerType>Normal</tickerType>
    <statBases>
      <Mass>0</Mass>
      <MarketValue>9999</MarketValue>
      <Flammability>0</Flammability>
      <EquipDelay>0</EquipDelay>
    </statBases>
    <menuHidden>true</menuHidden>
    <destroyOnDrop>true</destroyOnDrop>
    <tradeability>None</tradeability>
    <apparel>
      <bodyPartGroups>
        <li>Legs</li>
      </bodyPartGroups>
      <layers>
        <li>Belt</li>
      </layers>
    </apparel>
  </ThingDef>

  
</Defs>
