﻿<?xml version="1.0" encoding="utf-8" ?>
<Defs>
  <ThingDef Abstract="True" Name="LingBaseMoonGun">
	<thingClass>ThingWithComps</thingClass>
	<equipmentType>Primary</equipmentType>
	<drawGUIOverlay>true</drawGUIOverlay>
    <tradeability>Sellable</tradeability>
	<alwaysHaulable>true</alwaysHaulable>
	<altitudeLayer>Item</altitudeLayer>
	<useHitPoints>true</useHitPoints>
    <techLevel>Archotech</techLevel>
	<tickerType>Never</tickerType>
	<selectable>true</selectable>
    <smeltable>true</smeltable>
	<category>Item</category>
	<pathCost>10</pathCost>
    <thingCategories>
      <li>WeaponsRanged</li>
    </thingCategories>
    <inspectorTabs>
      <li>ITab_Art</li>
    </inspectorTabs>
	<graphicData>
	  <onGroundRandomRotateAngle>35</onGroundRandomRotateAngle>
	</graphicData>
    <weaponTags Inherit="false" />
	<statBases>
	  <MaxHitPoints>10</MaxHitPoints>
	  <Flammability>0</Flammability>
	  <DeteriorationRate>1</DeteriorationRate>
	  <Beauty>0</Beauty>
	  <SellPriceFactor>0.2</SellPriceFactor>
	</statBases>
	<comps>
      <!-- <li Class="CompProperties_GeneratedName">
        <nameMaker>NamerWeaponBladelink</nameMaker>
      </li> -->
	  <li Class="CompProperties_Forbiddable"/>
	  <li>
		<compClass>CompEquippable</compClass>
	  </li>
      <li>
        <compClass>CompQuality</compClass>
      </li>
      <li Class="CompProperties_Art">
        <nameMaker>NamerArtWeaponGun</nameMaker>
        <descriptionMaker>ArtDescription_WeaponGun</descriptionMaker>
        <minQualityForArtistic>Excellent</minQualityForArtistic>
      </li>
	</comps>
  </ThingDef>
  <!-- 手枪-防卫800 -->
  <ThingDef ParentName="LingBaseMoonGun">
    <defName>Gun_Ling_Moon_PistolBlunt</defName>
    <label>月光自卫手枪</label>
    <description>一款广泛应用于月光佣兵团的自卫手枪,较高的攻速和抑制力可以很好的控制敌人.较长的弹夹使其在长时间战斗中不逊色于一些旧时代的步枪.</description>
    <graphicData>
      <texPath>Things/Item/Equipment/WeaponRanged/Gun_Ling_Moon_PistolBlunt</texPath>
      <graphicClass>Graphic_Single</graphicClass>
    </graphicData>
    <soundInteract>Interact_Revolver</soundInteract>
    <statBases>
      <Mass>0.5</Mass>
      <MarketValue>800</MarketValue>
      <AccuracyTouch>1</AccuracyTouch>
      <AccuracyShort>0.95</AccuracyShort>
      <AccuracyMedium>0.9</AccuracyMedium>
      <AccuracyLong>0.85</AccuracyLong>
      <RangedWeapon_Cooldown>0.35</RangedWeapon_Cooldown>
    </statBases>
    <costList>
      <Plasteel>10</Plasteel>
      <ComponentSpacer>4</ComponentSpacer>
    </costList>
    <weaponTags>
      <li>Gun_Ling_Moon_PistolBlunt</li>
    </weaponTags>
    <verbs>
      <li>
        <verbClass>LingGame.Verb_ShootNeedSkill</verbClass>
        <hasStandardCommand>true</hasStandardCommand>
        <defaultProjectile>Bullet_Ling_Moon_PistolBlunt</defaultProjectile>
        <warmupTime>0.65</warmupTime>
        <range>26</range>
        <soundCast>Shot_Revolver</soundCast>
        <soundCastTail>GunTail_Light</soundCastTail>
      </li>
    </verbs>
    <tools>
      <li>
        <label>barrel</label>
        <capacities>
          <li>Blunt</li>
          <li>Poke</li>
        </capacities>
        <power>10</power>
        <cooldownTime>1.5</cooldownTime>
      </li>
      <li>
        <label>bayonet</label>
        <capacities>
          <li>Cut</li>
          <li>Stab</li>
        </capacities>
        <power>17</power>
        <cooldownTime>1.5</cooldownTime>
      </li>
    </tools>
  </ThingDef>
  <ThingDef ParentName="BaseBullet">
    <defName>Bullet_Ling_Moon_PistolBlunt</defName>
    <label>水晶冲击弹</label>
    <graphicData>
      <texPath>Things/Projectile/Bullet_Ling_Moon_PistolBlunt</texPath>
      <graphicClass>Graphic_Single</graphicClass>
      <shaderType>TransparentPostLight</shaderType>
      <drawSize>1</drawSize>
    </graphicData>
    <projectile>
      <damageDef>Blunt</damageDef>
      <damageAmountBase>12</damageAmountBase>
      <stoppingPower>2</stoppingPower>
      <speed>80</speed>
    </projectile>
  </ThingDef>
  <!-- 步枪-突击1200 -->
  <ThingDef ParentName="LingBaseMoonGun">
    <defName>Gun_Ling_Moon_RifleSharp</defName>
    <label>月光操作者</label>
    <description>一款极其狂暴的射击武器,通常在战争中又重装士兵装备,具有极其强大的输出能力,是一种完全以杀人为目的设计的武器</description>
    <graphicData>
      <texPath>Things/Item/Equipment/WeaponRanged/Gun_Ling_Moon_RifleSharp</texPath>
      <graphicClass>Graphic_Single</graphicClass>
    </graphicData>
    <soundInteract>Interact_Revolver</soundInteract>
    <statBases>
      <Mass>2.5</Mass>
      <MarketValue>1200</MarketValue>
      <AccuracyTouch>0.85</AccuracyTouch>
      <AccuracyShort>0.9</AccuracyShort>
      <AccuracyMedium>0.95</AccuracyMedium>
      <AccuracyLong>0.9</AccuracyLong>
      <RangedWeapon_Cooldown>0.65</RangedWeapon_Cooldown>
    </statBases>
    <costList>
      <Plasteel>10</Plasteel>
      <ComponentSpacer>4</ComponentSpacer>
    </costList>
    <weaponTags>
      <li>Gun_Ling_Moon_RifleSharp</li>
    </weaponTags>
    <verbs>
      <li>
        <verbClass>LingGame.Verb_ShootNeedSkill</verbClass>
        <hasStandardCommand>true</hasStandardCommand>
        <defaultProjectile>Bullet_Ling_Moon_RifleSharp</defaultProjectile>
        <warmupTime>1.35</warmupTime>
        <range>35</range>
        <burstShotCount>4</burstShotCount>
        <ticksBetweenBurstShots>4</ticksBetweenBurstShots>
        <soundCast>Shot_Revolver</soundCast>
        <soundCastTail>GunTail_Light</soundCastTail>
      </li>
    </verbs>
    <tools>
      <li>
        <label>barrel</label>
        <capacities>
          <li>Blunt</li>
          <li>Poke</li>
        </capacities>
        <power>12</power>
        <cooldownTime>1.5</cooldownTime>
      </li>
      <li>
        <label>bayonet</label>
        <capacities>
          <li>Cut</li>
          <li>Stab</li>
        </capacities>
        <power>21</power>
        <cooldownTime>1.5</cooldownTime>
      </li>
    </tools>
  </ThingDef>
  <ThingDef ParentName="BaseBullet">
    <defName>Bullet_Ling_Moon_RifleSharp</defName>
    <label>水晶碎片</label>
    <graphicData>
      <texPath>Things/Projectile/Bullet_Ling_Moon_RifleSharp</texPath>
      <graphicClass>Graphic_Single</graphicClass>
      <shaderType>TransparentPostLight</shaderType>
      <drawSize>1</drawSize>
    </graphicData>
    <projectile>
      <damageDef>MoonSharp</damageDef>
      <damageAmountBase>8</damageAmountBase>
      <armorPenetrationBase>0.9</armorPenetrationBase>
      <speed>110</speed>
    </projectile>
  </ThingDef>
  <!-- 步枪-狙击1500 -->
  <ThingDef ParentName="LingBaseMoonGun">
    <defName>Gun_Ling_Moon_RifleLimb</defName>
    <label>月光撕裂者</label>
    <description>一款自带光学瞄准器的高精步枪,发射大口径穿甲弹,可以轻而易举的撕裂大多数敌人的装甲并造成巨大伤害,通常用于对付带有厚重装甲的机械族,对人类使用的话极大可能会导致一击毙命</description>
    <graphicData>
      <texPath>Things/Item/Equipment/WeaponRanged/Gun_Ling_Moon_RifleSpi</texPath>
      <graphicClass>Graphic_Single</graphicClass>
    </graphicData>
    <soundInteract>Interact_Revolver</soundInteract>
    <statBases>
      <Mass>2.5</Mass>
      <MarketValue>1800</MarketValue>
      <AccuracyTouch>0.90</AccuracyTouch>
      <AccuracyShort>0.95</AccuracyShort>
      <AccuracyMedium>1</AccuracyMedium>
      <AccuracyLong>1.05</AccuracyLong>
      <RangedWeapon_Cooldown>2.25</RangedWeapon_Cooldown>
    </statBases>
    <costList>
      <Plasteel>10</Plasteel>
      <ComponentSpacer>4</ComponentSpacer>
    </costList>
    <weaponTags>
      <li>Gun_Ling_Moon_Rifle</li>
    </weaponTags>
    <verbs>
      <li>
        <verbClass>LingGame.Verb_ShootNeedSkill</verbClass>
        <hasStandardCommand>true</hasStandardCommand>
        <defaultProjectile>Bullet_Ling_Moon_RifleLimb</defaultProjectile>
        <warmupTime>3.25</warmupTime>
        <range>56</range>
        <burstShotCount>1</burstShotCount>
        <ticksBetweenBurstShots>4</ticksBetweenBurstShots>
        <soundCast>Shot_Revolver</soundCast>
        <soundCastTail>GunTail_Light</soundCastTail>
      </li>
    </verbs>
    <tools>
      <li>
        <label>barrel</label>
        <capacities>
          <li>Blunt</li>
        </capacities>
        <power>23</power>
        <cooldownTime>2.1</cooldownTime>
      </li>
    </tools>
  </ThingDef>
  <ThingDef ParentName="BaseBullet">
    <defName>Bullet_Ling_Moon_RifleLimb</defName>
    <label>白银穿甲弹</label>
    <graphicData>
      <texPath>Things/Projectile/Bullet_Big</texPath>
      <graphicClass>Graphic_Single</graphicClass>
      <shaderType>TransparentPostLight</shaderType>
      <drawSize>1</drawSize>
    </graphicData>
    <projectile>
      <damageDef>MoonSharp</damageDef>
      <damageAmountBase>39</damageAmountBase>
      <armorPenetrationBase>2</armorPenetrationBase>
      <speed>120</speed>
    </projectile>
  </ThingDef>
  <!-- 步枪-锁头1500 -->
  <ThingDef ParentName="LingBaseMoonGun">
    <defName>Gun_Ling_Moon_RifleHead</defName>
    <label>月光惩戒者</label>
    <description>一款发射自动追踪弹的小口径步枪,大部分能量用于激活子弹中的智能芯片,可以自动追踪敌人的弱点部位进行打击,可以有效地杀伤大多数人形敌人.</description>
    <graphicData>
      <texPath>Things/Item/Equipment/WeaponRanged/Gun_Ling_Moon_RifleSpi</texPath>
      <graphicClass>Graphic_Single</graphicClass>
    </graphicData>
    <soundInteract>Interact_Revolver</soundInteract>
    <statBases>
      <Mass>2.5</Mass>
      <MarketValue>1800</MarketValue>
      <AccuracyTouch>0.90</AccuracyTouch>
      <AccuracyShort>0.95</AccuracyShort>
      <AccuracyMedium>1</AccuracyMedium>
      <AccuracyLong>1.05</AccuracyLong>
      <RangedWeapon_Cooldown>2.25</RangedWeapon_Cooldown>
    </statBases>
    <costList>
      <Plasteel>10</Plasteel>
      <ComponentSpacer>4</ComponentSpacer>
    </costList>
    <weaponTags>
      <li>Gun_Ling_Moon_Rifle</li>
    </weaponTags>
    <verbs>
      <li>
        <verbClass>LingGame.Verb_ShootNeedSkill</verbClass>
        <hasStandardCommand>true</hasStandardCommand>
        <defaultProjectile>Bullet_Ling_Moon_RifleHead</defaultProjectile>
        <warmupTime>4.25</warmupTime>
        <range>56</range>
        <burstShotCount>1</burstShotCount>
        <ticksBetweenBurstShots>4</ticksBetweenBurstShots>
        <soundCast>Shot_Revolver</soundCast>
        <soundCastTail>GunTail_Light</soundCastTail>
      </li>
    </verbs>
    <tools>
      <li>
        <label>barrel</label>
        <capacities>
          <li>Blunt</li>
        </capacities>
        <power>23</power>
        <cooldownTime>2.1</cooldownTime>
      </li>
    </tools>
  </ThingDef>
  <ThingDef ParentName="BaseBullet">
    <defName>Bullet_Ling_Moon_RifleHead</defName>
    <label>智能子弹</label>
    <graphicData>
      <texPath>Things/Projectile/ChargeLanceShot</texPath>
      <graphicClass>Graphic_Single</graphicClass>
      <shaderType>TransparentPostLight</shaderType>
      <drawSize>1</drawSize>
    </graphicData>
    <projectile>
      <damageDef>MoonSharpSuoTou</damageDef>
      <damageAmountBase>9</damageAmountBase>
      <armorPenetrationBase>0</armorPenetrationBase>
      <speed>120</speed>
    </projectile>
  </ThingDef>
  <!-- 火箭-对人1800 -->
  <ThingDef ParentName="LingBaseMoonGun">
    <defName>Gun_Ling_Moon_Rocket</defName>
    <label>月光爆裂者</label>
    <description>一架重型的手提式炮筒,可以发射高伤害的人员杀伤性炮弹,对于无护甲或的轻护甲的人员来说是噩梦级别的存在</description>
    <graphicData>
      <texPath>Things/Item/Equipment/WeaponRanged/Gun_Ling_Moon_Rocket</texPath>
      <graphicClass>Graphic_Single</graphicClass>
    </graphicData>
    <soundInteract>Interact_Revolver</soundInteract>
    <statBases>
      <Mass>7.5</Mass>
      <MarketValue>1800</MarketValue>
      <AccuracyTouch>0.66</AccuracyTouch>
      <AccuracyShort>0.77</AccuracyShort>
      <AccuracyMedium>0.77</AccuracyMedium>
      <AccuracyLong>0.88</AccuracyLong>
      <RangedWeapon_Cooldown>2.25</RangedWeapon_Cooldown>
    </statBases>
    <costList>
      <Plasteel>10</Plasteel>
      <ComponentSpacer>4</ComponentSpacer>
    </costList>
    <weaponTags>
      <li>Gun_Ling_Moon_Rocket</li>
    </weaponTags>
    <verbs>
      <li>
        <verbClass>Verb_ShootOneUse</verbClass>
        <hasStandardCommand>true</hasStandardCommand>
        <defaultProjectile>Bullet_Ling_Moon_Rocket</defaultProjectile>
        <warmupTime>4.25</warmupTime>
        <range>44</range>
		<forcedMissRadius>3</forcedMissRadius>
        <burstShotCount>3</burstShotCount>
        <ticksBetweenBurstShots>0</ticksBetweenBurstShots>
        <soundCast>Shot_Revolver</soundCast>
        <soundCastTail>GunTail_Light</soundCastTail>
      </li>
    </verbs>
    <tools>
      <li>
        <label>barrel</label>
        <capacities>
          <li>Blunt</li>
        </capacities>
        <power>23</power>
        <cooldownTime>1.5</cooldownTime>
      </li>
    </tools>
  </ThingDef>
  <ThingDef ParentName="BaseBullet">
    <defName>Bullet_Ling_Moon_Rocket</defName>
	<thingClass>Projectile_Explosive</thingClass>
    <label>音爆火箭</label>
    <graphicData>
      <texPath>Things/Projectile/ChargeLanceShot</texPath>
      <graphicClass>Graphic_Single</graphicClass>
      <shaderType>TransparentPostLight</shaderType>
      <drawSize>1</drawSize>
    </graphicData>
    <projectile>
	  <explosionRadius>3</explosionRadius>
      <damageDef>MoonBombForPawn</damageDef>
      <damageAmountBase>30</damageAmountBase>
      <armorPenetrationBase>0.2</armorPenetrationBase>
      <speed>80</speed>
    </projectile>
  </ThingDef>
  <!-- 火箭-对城1800 -->
  <ThingDef ParentName="LingBaseMoonGun">
    <defName>Gun_Ling_Moon_RocketBuilding</defName>
    <label>月光平定者</label>
    <description>一款大口径火箭发射器,装配了对建筑型能量爆发器,在毁灭建筑的情况下只会对人员造成极低的损害,适合用于毁灭掩体</description>
    <graphicData>
      <texPath>Things/Item/Equipment/WeaponRanged/Gun_Ling_Moon_Rocket</texPath>
      <graphicClass>Graphic_Single</graphicClass>
    </graphicData>
    <soundInteract>Interact_Revolver</soundInteract>
    <statBases>
      <Mass>7.5</Mass>
      <MarketValue>1800</MarketValue>
      <AccuracyTouch>0.66</AccuracyTouch>
      <AccuracyShort>0.77</AccuracyShort>
      <AccuracyMedium>0.77</AccuracyMedium>
      <AccuracyLong>0.88</AccuracyLong>
      <RangedWeapon_Cooldown>2.25</RangedWeapon_Cooldown>
    </statBases>
    <costList>
      <Plasteel>10</Plasteel>
      <ComponentSpacer>4</ComponentSpacer>
    </costList>
    <weaponTags>
      <li>Gun_Ling_Moon_Rocket</li>
    </weaponTags>
    <verbs>
      <li>
        <verbClass>Verb_ShootOneUse</verbClass>
        <hasStandardCommand>true</hasStandardCommand>
        <defaultProjectile>Bullet_Ling_Moon_Building</defaultProjectile>
        <warmupTime>4.25</warmupTime>
        <range>54</range>
		<ai_IsBuildingDestroyer>true</ai_IsBuildingDestroyer>
		<forcedMissRadius>5</forcedMissRadius>
        <burstShotCount>3</burstShotCount>
        <ticksBetweenBurstShots>12</ticksBetweenBurstShots>
        <soundCast>Shot_Revolver</soundCast>
        <soundCastTail>GunTail_Light</soundCastTail>
        <requireLineOfSight>false</requireLineOfSight>
        <targetParams>
          <canTargetLocations>true</canTargetLocations>
        </targetParams>
      </li>
    </verbs>
    <tools>
      <li>
        <label>barrel</label>
        <capacities>
          <li>Blunt</li>
        </capacities>
        <power>23</power>
        <cooldownTime>2.1</cooldownTime>
      </li>
    </tools>
  </ThingDef>
  <ThingDef ParentName="BaseBullet">
    <defName>Bullet_Ling_Moon_Building</defName>
	<thingClass>Projectile_Explosive</thingClass>
    <label>高能能量光环</label>
    <graphicData>
      <texPath>Things/Projectile/ChargeLanceShot</texPath>
      <graphicClass>Graphic_Single</graphicClass>
      <shaderType>TransparentPostLight</shaderType>
      <drawSize>1</drawSize>
    </graphicData>
    <projectile>
	  <explosionRadius>5</explosionRadius>
      <damageDef>MoonBombForBuilding</damageDef>
      <damageAmountBase>1</damageAmountBase>
      <flyOverhead>true</flyOverhead>
      <armorPenetrationBase>0.4</armorPenetrationBase>
      <soundHitThickRoof>Artillery_HitThickRoof</soundHitThickRoof>
      <soundExplode>MortarBomb_Explode</soundExplode>
      <soundImpactAnticipate>MortarRound_PreImpact</soundImpactAnticipate>
      <soundAmbient>MortarRound_Ambient</soundAmbient>
      <speed>10</speed>
    </projectile>
  </ThingDef>
  <!-- 投矛-蓝晶600 -->
  <ThingDef ParentName="LingBaseMoonGun">
    <defName>Gun_Ling_Moon_BlueCrystal</defName>
    <label>蓝水晶投矛</label>
    <description>一柄粗糙打磨的细长水晶,隐约可见其中浓稠的液态蓝水晶,这种液体是一种极其不稳定的高能燃料,受到碰撞便会引起强烈的静电爆炸</description>
    <graphicData>
      <texPath>Things/Item/Equipment/WeaponRanged/Gun_Ling_Moon_BlueCrystal</texPath>
      <graphicClass>Graphic_Single</graphicClass>
    </graphicData>
    <soundInteract>Interact_Revolver</soundInteract>
    <statBases>
      <MarketValue>600</MarketValue>
      <Mass>1.5</Mass>
      <AccuracyTouch>0.87</AccuracyTouch>
      <AccuracyShort>0.76</AccuracyShort>
      <AccuracyMedium>0.11</AccuracyMedium>
      <AccuracyLong>0.11</AccuracyLong>
      <RangedWeapon_Cooldown>3</RangedWeapon_Cooldown>
    </statBases>
    <smeltable>false</smeltable>
    <costList>
      <ComponentSpacer>20</ComponentSpacer>
    </costList>
    <weaponTags>
      <li>Gun_Ling_Moon_BlueCrystal</li>
    </weaponTags>
    <verbs>
      <li>
        <verbClass>LingGame.Verb_ShootNeedSkill</verbClass>
        <hasStandardCommand>true</hasStandardCommand>
        <defaultProjectile>Bullet_Ling_Moon_BlueCrystal</defaultProjectile>
        <warmupTime>0</warmupTime>
        <range>14</range>
        <ai_IsBuildingDestroyer>false</ai_IsBuildingDestroyer>
		<forcedMissRadius>0.01</forcedMissRadius>
        <burstShotCount>1</burstShotCount>
        <ticksBetweenBurstShots>0</ticksBetweenBurstShots>
        <soundCast>Shot_Revolver</soundCast>
        <soundCastTail>GunTail_Light</soundCastTail>
      </li>
    </verbs>
    <tools>
      <li>
        <label>barrel</label>
        <capacities>
          <li>Blunt</li>
        </capacities>
        <power>23</power>
        <cooldownTime>1.6</cooldownTime>
      </li>
    </tools>
  </ThingDef>
  <ThingDef ParentName="BaseBullet">
    <defName>Bullet_Ling_Moon_BlueCrystal</defName>
	<thingClass>Projectile_Explosive</thingClass>
    <label>蓝水晶</label>
    <graphicData>
      <texPath>Things/Item/Equipment/WeaponRanged/Gun_Ling_Moon_BlueCrystal</texPath>
      <graphicClass>Graphic_Single</graphicClass>
      <shaderType>TransparentPostLight</shaderType>
      <drawSize>1</drawSize>
    </graphicData>
    <projectile>
	  <explosionRadius>1.9</explosionRadius>
      <damageDef>MoonBomb</damageDef>
      <damageAmountBase>200</damageAmountBase>
	  <explosionDelay>90</explosionDelay>
      <armorPenetrationBase>2</armorPenetrationBase>
      <speed>36</speed>
    </projectile>
  </ThingDef>
  <!-- 信号枪600 -->
  <ThingDef ParentName="LingBaseMoonGun">
    <defName>LingFlareGun_Moon</defName>
    <label>触发式信号枪</label>
    <description>一支穿云箭,千军万马来相见</description>
    <graphicData>
      <texPath>Things/Item/Equipment/WeaponRanged/Gun_Ling_Moon_PistolBlunt</texPath>
      <graphicClass>Graphic_Single</graphicClass>
    </graphicData>
    <soundInteract>Interact_Revolver</soundInteract>
	<tickerType>Normal</tickerType>
    <statBases>
      <Mass>0.5</Mass>
      <MarketValue>600</MarketValue>
      <AccuracyTouch>0</AccuracyTouch>
      <AccuracyShort>0</AccuracyShort>
      <AccuracyMedium>0</AccuracyMedium>
      <AccuracyLong>0</AccuracyLong>
      <RangedWeapon_Cooldown>0</RangedWeapon_Cooldown>
    </statBases>
    <weaponTags Inherit="false">
      <li>LingFlareGun_Moon</li>
    </weaponTags>
    <verbs>
      <li>
        <verbClass>LingGame.Verb_LaunchIncidentMoon</verbClass>
        <hasStandardCommand>true</hasStandardCommand>
        <warmupTime>0</warmupTime>
        <range>500</range>
        <soundCast>Shot_Revolver</soundCast>
        <soundCastTail>GunTail_Light</soundCastTail>
      </li>
    </verbs>
  </ThingDef>

  
  <DamageDef Name="MoonSharp">
    <defName>MoonSharp</defName>
    <label>MoonSharp</label>
    <workerClass>DamageWorker_AddInjury</workerClass>
    <externalViolence>true</externalViolence>
    <deathMessage>{0} death.</deathMessage>
    <hediff>Gunshot</hediff>
    <harmAllLayersUntilOutside>true</harmAllLayersUntilOutside>
    <impactSoundType>Bullet</impactSoundType>
    <armorCategory>Sharp</armorCategory>
    <isRanged>true</isRanged>
    <makesAnimalsFlee>false</makesAnimalsFlee>
  </DamageDef>
  <DamageDef ParentName="MoonSharp">
    <defName>MoonSharpChaXue</defName>
    <label>MoonSharp</label>
    <workerClass>LingGame.LingMoonChaXue</workerClass>
  </DamageDef>
  <DamageDef ParentName="MoonSharp">
    <defName>MoonSharpSuoTou</defName>
    <label>MoonSharp</label>
    <workerClass>LingGame.LingMoonSuoTou</workerClass>
  </DamageDef>
  <DamageDef>
    <defName>MoonBlunt</defName>
    <label>MoonBlunt</label>
    <workerClass>DamageWorker_AddInjury</workerClass>
    <externalViolence>true</externalViolence>
    <deathMessage>{0} death.</deathMessage>
    <hediff>Gunshot</hediff>
    <harmAllLayersUntilOutside>true</harmAllLayersUntilOutside>
    <impactSoundType>Bullet</impactSoundType>
    <armorCategory>Blunt</armorCategory>
    <isRanged>true</isRanged>
    <makesAnimalsFlee>false</makesAnimalsFlee>
  </DamageDef>
  <DamageDef Name="MoonBomb">
    <defName>MoonBomb</defName>
    <label>MoonBomb</label>
    <workerClass>DamageWorker_AddInjury</workerClass>
    <externalViolence>true</externalViolence>
    <isExplosive>true</isExplosive>
    <deathMessage>{0} has died in an explosion.</deathMessage>
    <hediff>Shredded</hediff>
    <hediffSolid>Crack</hediffSolid>
    <harmAllLayersUntilOutside>true</harmAllLayersUntilOutside>
    <impactSoundType>Blunt</impactSoundType>
    <armorCategory>Blunt</armorCategory>
    <minDamageToFragment>15</minDamageToFragment>
    <defaultDamage>50</defaultDamage>
    <defaultStoppingPower>0.5</defaultStoppingPower>
    <defaultArmorPenetration>0.10</defaultArmorPenetration>
    <buildingDamageFactor>1</buildingDamageFactor>
    <plantDamageFactor>1</plantDamageFactor>
    <explosionAffectOutsidePartsOnly>false</explosionAffectOutsidePartsOnly>
    <explosionHeatEnergyPerCell>5</explosionHeatEnergyPerCell>
    <explosionCellMote>Mote_BlastDry</explosionCellMote>
    <explosionColorCenter>(1,1,1)</explosionColorCenter>
    <explosionColorEdge>(0.1, 0.1, 0.1)</explosionColorEdge>
    <soundExplosion>Explosion_Bomb</soundExplosion>
    <combatLogRules>Damage_Bomb</combatLogRules>
  </DamageDef>
  <DamageDef ParentName="MoonBomb">
    <defName>MoonBombForBuilding</defName>
    <label>MoonBomb</label>
    <buildingDamageFactor>999999</buildingDamageFactor>
  </DamageDef>
  <DamageDef ParentName="MoonBomb">
    <defName>MoonBombForPawn</defName>
    <label>MoonBomb</label>
    <buildingDamageFactor>0</buildingDamageFactor>
    <plantDamageFactor>0</plantDamageFactor>
  </DamageDef>
  
  
  <ToolCapacityDef>
    <defName>MoonSharpChaXue</defName>
  </ToolCapacityDef>
  <ManeuverDef>
    <defName>MoonSharpChaXue</defName>
    <requiredCapacity>MoonSharpChaXue</requiredCapacity>
    <verb>
      <verbClass>Verb_MeleeAttackDamage</verbClass>
      <meleeDamageDef>MoonSharpChaXue</meleeDamageDef>
    </verb>
    <logEntryDef>MeleeAttack</logEntryDef>
    <combatLogRulesHit>Maneuver_Slash_MeleeHit</combatLogRulesHit>
    <combatLogRulesDeflect>Maneuver_Slash_MeleeDeflect</combatLogRulesDeflect>
    <combatLogRulesMiss>Maneuver_Slash_MeleeMiss</combatLogRulesMiss>
    <combatLogRulesDodge>Maneuver_Slash_MeleeDodge</combatLogRulesDodge>
  </ManeuverDef>
  
  <ThingDef Abstract="True" Name="LingBaseMoonMelee">
	<thingClass>ThingWithComps</thingClass>
	<category>Item</category>
    <smeltable>true</smeltable>
	<drawGUIOverlay>true</drawGUIOverlay>
	<altitudeLayer>Item</altitudeLayer>
	<alwaysHaulable>true</alwaysHaulable>
	<tickerType>Never</tickerType>
	<equipmentType>Primary</equipmentType>
	<useHitPoints>true</useHitPoints>
	<pathCost>10</pathCost>
	<selectable>true</selectable>
    <thingCategories>
      <li>WeaponsMelee</li>
    </thingCategories>
	<statBases>
	  <MaxHitPoints>100</MaxHitPoints>
	  <Flammability>0</Flammability>
	  <DeteriorationRate>2</DeteriorationRate>
	  <Beauty>-3</Beauty>
	  <SellPriceFactor>0.20</SellPriceFactor>
	</statBases>
	<comps>
	  <li Class="CompProperties_Forbiddable"/>
	<li>
	  <compClass>CompEquippable</compClass>
	</li>
    <li>
      <compClass>CompQuality</compClass>
    </li>
    <li Class="CompProperties_Art">
      <nameMaker>NamerArtWeaponMelee</nameMaker>
      <descriptionMaker>ArtDescription_WeaponMelee</descriptionMaker>
      <minQualityForArtistic>Excellent</minQualityForArtistic>
    </li>
	</comps>
    <inspectorTabs>
      <li>ITab_Art</li>
    </inspectorTabs>
	<graphicData>
	  <onGroundRandomRotateAngle>35</onGroundRandomRotateAngle>
	</graphicData>
	</ThingDef>
  <!-- 吸血刀750 -->
  <ThingDef ParentName="LingBaseMoonMelee">
    <defName>Melee_Ling_Moon_VampireSickle</defName>
    <label>歃血长镰</label>
    <description>一把长柄的镰刀,纤长的刀刃会吸取被攻击者的生命能量为使用进行治疗.</description>
    <graphicData>
      <texPath>Things/Item/Equipment/WeaponMelee/VampireSickle</texPath>
      <graphicClass>Graphic_Single</graphicClass>
    </graphicData>
    <techLevel>Archotech</techLevel>
    <weaponTags>
      <li>Melee_Ling_Moon_VampireSickle</li>
    </weaponTags>
    <statBases>
      <MarketValue>2150</MarketValue>
      <Mass>5.5</Mass>
    </statBases>
    <equippedAngleOffset>45</equippedAngleOffset>
    <tools>
      <li>
        <label>blade</label>
        <capacities>
          <li>MoonSharpChaXue</li>
        </capacities>
        <power>10</power>
        <cooldownTime>1</cooldownTime>
      </li>
    </tools>
  </ThingDef>
  <!-- 大保健1000 -->
  <ThingDef ParentName="LingBaseMoonMelee">
    <defName>Melee_Ling_Moon_DefenterSworld</defName>
    <label>守护者巨剑</label>
    <description>一把用于刺击的巨剑.</description>
    <graphicData>
      <texPath>Things/Item/Equipment/WeaponMelee/DefenterSworld</texPath>
      <graphicClass>Graphic_Single</graphicClass>
    </graphicData>
    <techLevel>Archotech</techLevel>
    <weaponTags>
      <li>Melee_Ling_Moon_DefenterSworld</li>
    </weaponTags>
    <statBases>
      <MarketValue>2150</MarketValue>
      <Mass>5.5</Mass>
    </statBases>
    <equippedStatOffsets>
      <ArmorRating_Sharp>0.5</ArmorRating_Sharp>
      <ArmorRating_Blunt>0.5</ArmorRating_Blunt>
      <ArmorRating_Heat>0.5</ArmorRating_Heat>
    </equippedStatOffsets>
    <equippedAngleOffset>45</equippedAngleOffset>
    <tools>
      <li>
        <label>blade</label>
        <capacities>
          <li>Cut</li>
        </capacities>
        <power>15</power>
        <cooldownTime>2</cooldownTime>
      </li>
      <li>
        <label>point</label>
        <capacities>
          <li>Stab</li>
        </capacities>
        <power>40</power>
        <cooldownTime>6</cooldownTime>
      </li>
    </tools>
  </ThingDef>

  
</Defs>
