﻿<?xml version="1.0" encoding="utf-8"?>
<Defs>
  <PawnKindDef Name="Ling_Moon_KindBase" Abstract="True">
    <race>Human</race>
    <defaultFactionType>LingMoonFaction</defaultFactionType>
    <baseRecruitDifficulty>1</baseRecruitDifficulty>
    <backstoryFiltersOverride>
      <li>
        <categories>
          <li>ImperialFighter</li>
          <li>Offworld</li>
          <li>Outlander</li>
          <li>Outsider</li>
        </categories>
      </li>
    </backstoryFiltersOverride>
    <chemicalAddictionChance>0</chemicalAddictionChance>
    <invNutrition>4.5</invNutrition>
    <itemQuality>Good</itemQuality>
    <!-- <minGenerationAge>15</minGenerationAge> -->
    <maxGenerationAge>27</maxGenerationAge>
    <gearHealthRange>
      <min>2</min>
      <max>3</max>
    </gearHealthRange>
    <apparelMoney>
      <min>0</min>
      <max>0</max>
    </apparelMoney>
    <techHediffsChance>0</techHediffsChance>
    <techHediffsTags>
      <li>Advanced</li>
    </techHediffsTags>
    <techHediffsMoney>
      <min>0</min>
      <max>0</max>
    </techHediffsMoney>
	<techHediffsRequired>
	  <li>ArchotechEye</li>
	  <li>ArchotechEye</li>
	  <li>ArchotechArm</li>
	  <li>ArchotechArm</li>
	  <li>ArchotechLeg</li>
	  <li>ArchotechLeg</li>
	  <li>DeathAcidifier</li>
	  <li>Painstopper</li>
	</techHediffsRequired>
	<disallowedTraits>
	  <li>Jealous</li>
	  <li>Pyromaniac</li>
	  <li>Wimp</li>
	  <li>Jealous</li>
	  <li>Greedy</li>
	  <li>Beauty</li>
	  <li>PsychicSensitivity</li>
	</disallowedTraits>
    <combatEnhancingDrugsCount>
      <min>0</min>
      <max>0</max>
    </combatEnhancingDrugsCount>
    <combatEnhancingDrugsChance>0</combatEnhancingDrugsChance>
    <inventoryOptions>
      <skipChance>0</skipChance>
      <subOptionsChooseOne>
        <li>
          <thingDef>Silver</thingDef>
          <countRange>
            <min>120</min>
            <max>480</max>
          </countRange>
        </li>
        <li>
          <thingDef>MedicineIndustrial</thingDef>
          <countRange>
            <min>1</min>
            <max>2</max>
          </countRange>
        </li>
      </subOptionsChooseOne>
    </inventoryOptions>
    <aiAvoidCover>true</aiAvoidCover>
    <apparelRequired>
      <li>Apparel_Ling_Moon_LightShirt</li>
      <li>Apparel_Ling_Moon_Duster</li>
      <li>Apparel_Ling_Moon_Necklace</li>
      <li>Apparel_Ling_Moon_Glove</li>
      <li>Apparel_Ling_Moon_Boots</li>
      <li>Apparel_Ling_MoonShield_WaterMoon</li>
      <li>Apparel_Ling_Moon_BodyFix</li>
    </apparelRequired>
    <apparelIgnoreSeasons>true</apparelIgnoreSeasons>
    <!-- <apparelColor>(1,1,1)</apparelColor> -->
    <invFoodDef>MealLavish</invFoodDef>
  </PawnKindDef>
  <!-- 榴弹兵 -->
  <PawnKindDef ParentName="Ling_Moon_KindBase">
    <defName>Ling_Moon_Victim</defName>
    <label>Victim</label>
    <combatPower>200</combatPower>
    <weaponMoney>
      <min>600</min>
      <max>600</max>
    </weaponMoney>
    <weaponTags>
      <li>Gun_Ling_Moon_BlueCrystal</li>
    </weaponTags>
    <apparelColor>(245,245,245)</apparelColor>
    <apparelRequired Inherit="false">
      <li>Apparel_CowboyHat</li>
      <li>Apparel_Ling_Moon_Necklace</li>
      <li>Apparel_Pants</li>
      <li>Apparel_BasicShirt</li>
      <li>Apparel_Duster</li>
      <li>Apparel_Ling_MoonShield_WaterMoon</li>
    </apparelRequired>
  </PawnKindDef>


  <!-- 贸易者 -->
  <PawnKindDef ParentName="Ling_Moon_KindBase">
    <defName>Ling_Moon_Liar</defName>
    <label>Liar</label>
    <combatPower>10</combatPower>
    <trader>true</trader>
    <weaponMoney>
      <min>600</min>
      <max>600</max>
    </weaponMoney>
    <weaponTags>
      <li>LingFlareGun_Moon</li>
    </weaponTags>
  </PawnKindDef>
  <!-- 首领 -->
  <PawnKindDef ParentName="Ling_Moon_KindBase">
    <defName>Ling_Moon_Observer</defName>
    <label>Observer</label>
    <combatPower>500</combatPower>
    <weaponMoney>600</weaponMoney>
    <factionLeader>true</factionLeader>
    <weaponTags>
      <li>LingFlareGun_Moon</li>
    </weaponTags>
	<techHediffsRequired Inherit="false"/>
  </PawnKindDef>
  
  
  <!-- 潜行兵,仅限近战,跑得很快,但战斗力也就那样,主要是隐身 -->
  <PawnKindDef ParentName="Ling_Moon_KindBase">
    <defName>Ling_Moon_Assassin</defName>
    <label>Assassin</label>
    <itemQuality>Excellent</itemQuality>
    <combatPower>500</combatPower>
    <weaponMoney>3000</weaponMoney>
    <weaponTags>
      <!-- <li>UltratechMelee</li> -->
      <li>Bladelink</li>
      <!-- <li>Gun_Ling_Moon_BlueCrystal</li> -->
    </weaponTags>
	<techHediffsRequired Inherit="false">
	  <li>ArchotechLeg</li>
	  <li>ArchotechLeg</li>
	  <li>DeathAcidifier</li>
	  <li>LingXCG_Invisible</li>
	</techHediffsRequired>
    <apparelRequired Inherit="false">
      <li>Apparel_CowboyHat</li>
      <li>Apparel_Ling_Moon_Necklace</li>
      <li>Apparel_Pants</li>
      <li>Apparel_BasicShirt</li>
      <li>Apparel_PackJump</li>
      <li>Apparel_Duster</li>
      <li>Apparel_Ling_Moon_BodyFix</li>
    </apparelRequired>
  </PawnKindDef>
  
  <!-- 大盾兵 -->
  <PawnKindDef ParentName="Ling_Moon_KindBase">
    <defName>Ling_Moon_Eater</defName>
    <label>Defender</label>
    <combatPower>280</combatPower>
    <weaponMoney>2150</weaponMoney>
    <weaponTags>
      <li>Melee_Ling_Moon_DefenterSworld</li>
      <li>Melee_Ling_Moon_VampireSickle</li>
    </weaponTags>
    <apparelRequired Inherit="false">
      <li>Apparel_Ling_Moon_LightShirt</li>
      <li>Apparel_ArmorCataphract</li>
      <li>Apparel_ArmorHelmetCataphract</li>
      <li>Apparel_Ling_Moon_Necklace</li>
      <li>Apparel_Ling_Moon_Glove</li>
      <li>Apparel_Ling_Moon_Boots</li>
      <li>Apparel_Ling_MoonShield_WaterMoon</li>
      <li>Apparel_Ling_Moon_BodyFix</li>
    </apparelRequired>
  </PawnKindDef>

  <!-- 突击兵 -->
  <PawnKindDef ParentName="Ling_Moon_KindBase">
    <defName>Ling_Moon_Assaulter</defName>
    <label>Assaulter</label>
    <combatPower>200</combatPower>
    <weaponMoney>
      <min>1200</min>
      <max>1200</max>
    </weaponMoney>
    <weaponTags>
      <li>Gun_Ling_Moon_RifleSharp</li>
    </weaponTags>
    <apparelRequired Inherit="false">
      <li>Apparel_Ling_Moon_LightShirt</li>
      <li>Apparel_Ling_Moon_Duster</li>
      <li>Apparel_Ling_Moon_Necklace</li>
      <li>Apparel_Ling_Moon_Glove</li>
      <li>Apparel_Ling_Moon_Boots</li>
      <li>Apparel_Ling_MoonShield_WaterMoon</li>
      <li>Apparel_Ling_Moon_BodyFix</li>
    </apparelRequired>
  </PawnKindDef>

  <!-- 狙击手 -->
  <PawnKindDef ParentName="Ling_Moon_KindBase">
    <defName>Ling_Moon_Sniper</defName>
    <label>Cleaner</label>
    <combatPower>250</combatPower>
    <weaponMoney>1800</weaponMoney>
    <weaponTags>
      <li>Gun_Ling_Moon_Rifle</li>
      <li>Gun_Ling_Moon_Rocket</li>
    </weaponTags>
  </PawnKindDef>

  
  
  
  
</Defs>